-- ============================================================
--  Truck Tracker — テスト用シードデータ
-- ============================================================

-- ── 支店 ──────────────────────────────────────────────────
INSERT INTO branches (id, name) VALUES
  ('00000000-0000-0000-0000-000000000001', '本社'),
  ('00000000-0000-0000-0000-000000000002', '南支店');

-- ── 車輌 ──────────────────────────────────────────────────
INSERT INTO trucks (id, name, branch_id) VALUES
  ('00000000-0000-0000-0001-000000000001', '5号車',  '00000000-0000-0000-0000-000000000001'),
  ('00000000-0000-0000-0001-000000000002', '33号車', '00000000-0000-0000-0000-000000000001'),
  ('00000000-0000-0000-0001-000000000003', '57号車', '00000000-0000-0000-0000-000000000002');

-- ── 配達先 ────────────────────────────────────────────────
INSERT INTO destinations (id, name) VALUES
  ('00000000-0000-0000-0002-000000000001', '株式会社フロムエー'),
  ('00000000-0000-0000-0002-000000000002', '三浦印刷'),
  ('00000000-0000-0000-0002-000000000003', '秋田情報プリント'),
  ('00000000-0000-0000-0002-000000000004', '三戸印刷所'),
  ('00000000-0000-0000-0002-000000000005', '塚田印刷'),
  ('00000000-0000-0000-0002-000000000006', '木曽印刷'),
  ('00000000-0000-0000-0002-000000000007', '秋田活版印刷'),
  ('00000000-0000-0000-0002-000000000008', '八郎潟印刷'),
  ('00000000-0000-0000-0002-000000000009', '北羽新報社'),
  ('00000000-0000-0000-0002-000000000010', '塚清'),
  ('00000000-0000-0000-0002-000000000011', '東北印刷');

-- ── 配送コース ────────────────────────────────────────────
INSERT INTO courses (id, name, branch_id) VALUES
  ('00000000-0000-0000-0003-000000000001', '市内便（月曜朝一）',   '00000000-0000-0000-0000-000000000001'),
  ('00000000-0000-0000-0003-000000000002', '市内便（月曜午後一）', '00000000-0000-0000-0000-000000000001'),
  ('00000000-0000-0000-0003-000000000003', '市内便（月曜15時）',  '00000000-0000-0000-0000-000000000001');

-- ── コース配達先順番 ─────────────────────────────────────
-- 市内便（月曜朝一）
INSERT INTO course_stops (id, course_id, destination_id, stop_order) VALUES
  ('00000000-0000-0000-0004-000000000001', '00000000-0000-0000-0003-000000000001', '00000000-0000-0000-0002-000000000001', 1),
  ('00000000-0000-0000-0004-000000000002', '00000000-0000-0000-0003-000000000001', '00000000-0000-0000-0002-000000000002', 2),
  ('00000000-0000-0000-0004-000000000003', '00000000-0000-0000-0003-000000000001', '00000000-0000-0000-0002-000000000003', 3),
  ('00000000-0000-0000-0004-000000000004', '00000000-0000-0000-0003-000000000001', '00000000-0000-0000-0002-000000000004', 4),
  ('00000000-0000-0000-0004-000000000005', '00000000-0000-0000-0003-000000000001', '00000000-0000-0000-0002-000000000005', 5);

-- 市内便（月曜午後一）
INSERT INTO course_stops (id, course_id, destination_id, stop_order) VALUES
  ('00000000-0000-0000-0004-000000000006', '00000000-0000-0000-0003-000000000002', '00000000-0000-0000-0002-000000000006', 1),
  ('00000000-0000-0000-0004-000000000007', '00000000-0000-0000-0003-000000000002', '00000000-0000-0000-0002-000000000007', 2),
  ('00000000-0000-0000-0004-000000000008', '00000000-0000-0000-0003-000000000002', '00000000-0000-0000-0002-000000000008', 3);

-- 市内便（月曜15時）
INSERT INTO course_stops (id, course_id, destination_id, stop_order) VALUES
  ('00000000-0000-0000-0004-000000000009', '00000000-0000-0000-0003-000000000003', '00000000-0000-0000-0002-000000000009', 1),
  ('00000000-0000-0000-0004-000000000010', '00000000-0000-0000-0003-000000000003', '00000000-0000-0000-0002-000000000010', 2),
  ('00000000-0000-0000-0004-000000000011', '00000000-0000-0000-0003-000000000003', '00000000-0000-0000-0002-000000000011', 3);
